Constituency,District,Winner,Winner Party,Winner Total Votes,Winner Vote Percentage,1st Runner Up,1st Runner Up Party,1st Runner Up Total Votes,1st Runner Up Vote Percentage,2nd Runner Up,2nd Runner Up Party,2nd Runner Up Total Votes,2nd Runner Up Vote Percentage,3rd Runner Up Party,3rd Runner Up Total Votes,3rd Runner Up Vote Percentage,Winning Margin,Winning Margin Percentage
ALANDUR - 28,Chennai,M.HARISH,Tamilaga Vettri Kazhagam,112205,42.9,T.M.ANBARASAN,Dravida Munnetra Kazhagam,82596,31.58,S.SARAVANAN,All India Anna Dravida Munnetra Kazhagam,52243,19.97,Naam Tamilar Katchi,10405,3.98,29609,11.32
ALANGUDI - 182,Pudukottai,SIVA.V.MEYYANATHAN,Dravida Munnetra Kazhagam,64929,35.98,KANDASAMY,Tamilaga Vettri Kazhagam,51952,28.78,DHANA VIMAL,All India Anna Dravida Munnetra Kazhagam,50063,27.74,Naam Tamilar Katchi,10652,5.9,12977,7.199999999999996
ALANGULAM - 223,Tenkasi,PAUL MANOJ PANDIAN,Dravida Munnetra Kazhagam,69170,31.32,K R P PRABAKARAN,All India Anna Dravida Munnetra Kazhagam,61372,27.79,VIBIN CHAKKARAVARTHY,Tamilaga Vettri Kazhagam,60684,27.48,Naam Tamilar Katchi,23380,10.59,7798,3.530000000000001
AMBASAMUDRAM - 225,Tirunelveli,DR.ESAKKI SUBAYA,All India Anna Dravida Munnetra Kazhagam,65589,34.3,V.P.DURAI,Indian National Congress,55344,28.95,S.RAJAGOPAL,Tamilaga Vettri Kazhagam,53611,28.04,Naam Tamilar Katchi,14906,7.8,10245,5.349999999999998
AMBATTUR - 8,Chennai,BALAMURUGAN.G,Tamilaga Vettri Kazhagam,133339,51.29,DR A.P. POORNIMA,Dravida Munnetra Kazhagam,74558,28.68,K.N. SEKAR,Pattali Makkal Katchi,35997,13.85,Naam Tamilar Katchi,11088,4.26,58781,22.61
AMBUR - 48,Vellore,VILWANATHAN. A.C.,Dravida Munnetra Kazhagam,74102,37.89,IMTHIYAZ PANDARATTUDU ABDU,Tamilaga Vettri Kazhagam,66971,34.24,VENKATESAN. R,All India Anna Dravida Munnetra Kazhagam,47100,24.08,Naam Tamilar Katchi,4185,2.14,7131,3.6499999999999986
ANAIKATTU - 44,Vellore,D.VELAZHAGAN,All India Anna Dravida Munnetra Kazhagam,76302,35.27,A.P.NANDAKUMAR,Dravida Munnetra Kazhagam,69221,32.0,R.VELMURUGAN,Tamilaga Vettri Kazhagam,63287,29.26,Naam Tamilar Katchi,4746,2.19,7081,3.270000000000003
ANDIPATTI - 198,Theni,MAHARAJAN.A,Dravida Munnetra Kazhagam,74324,34.2,PANDI.V,Tamilaga Vettri Kazhagam,64770,29.8,LOGIRAJAN.A,All India Anna Dravida Munnetra Kazhagam,63343,29.15,Naam Tamilar Katchi,10346,4.76,9554,4.400000000000002
ANNA NAGAR - 21,Chennai,V.K.RAMKUMAR,Tamilaga Vettri Kazhagam,71375,43.7,N.CHITRARASU,Dravida Munnetra Kazhagam,50012,30.62,S.GOKULA INDIRA,All India Anna Dravida Munnetra Kazhagam,34382,21.05,Naam Tamilar Katchi,4839,2.96,21363,13.080000000000002
ANTHIYUR - 105,Erode,HARIBASKAR.P,All India Anna Dravida Munnetra Kazhagam,60042,32.32,SIVABALAN.M,Dravida Munnetra Kazhagam,58782,31.64,VIJAY VENKATESH.M,Tamilaga Vettri Kazhagam,56372,30.34,Naam Tamilar Katchi,5287,2.85,1260,0.6799999999999997
ARAKKONAM - 38,Ranipet,V. GANDHIRAJ,Tamilaga Vettri Kazhagam,73776,40.46,EZHIL CAROLINE,Viduthalai Chiruthaigal Katchi,50655,27.78,S. RAVI,All India Anna Dravida Munnetra Kazhagam,50052,27.45,Naam Tamilar Katchi,5191,2.85,23121,12.68
ARANI - 67,Tiruvannamalai ,JAYASUDHA. L,All India Anna Dravida Munnetra Kazhagam,76735,33.34,MAHALAKSHMI GOVARTHANAN,Dravida Munnetra Kazhagam,71104,30.89,VENKATESH KUMAR. D,Tamilaga Vettri Kazhagam,70857,30.79,Naam Tamilar Katchi,6888,2.99,5631,2.450000000000003
ARANTHANGI - 183,Pudukottai,MOHAMED FARVAS. J,Tamilaga Vettri Kazhagam,73244,40.08,RAMACHANDRAN . T,Indian National Congress,63182,34.58,KAVITHA SRIKANTH,Bharatiya Janata Party,31456,17.21,Naam Tamilar Katchi,9975,5.46,10062,5.5
ARAVAKURICHI - 134,Karur,ELANGO. R,Dravida Munnetra Kazhagam,70827,39.11,KARTHIKEYAN. P,Tamilaga Vettri Kazhagam,51445,28.41,SELVAKUMAR. K,All India Anna Dravida Munnetra Kazhagam,49289,27.22,Naam Tamilar Katchi,5154,2.85,19382,10.7
ARCOT - 42,Vellore,S.M.SUKUMAR,All India Anna Dravida Munnetra Kazhagam,105608,46.77,G.VIJAY MOHAN,Tamilaga Vettri Kazhagam,62888,27.85,J.L.ESWARAPPAN,Dravida Munnetra Kazhagam,48840,21.63,Naam Tamilar Katchi,5518,2.44,42720,18.92
ARIYALUR - 149,Ariyalur,RAJENDRAN S,All India Anna Dravida Munnetra Kazhagam,95219,40.37,LATHA BALU,Dravida Munnetra Kazhagam,70721,29.98,SIVAKUMAR M,Tamilaga Vettri Kazhagam,57359,24.32,Naam Tamilar Katchi,8527,3.62,24498,10.389999999999997
ARUPPUKKOTTAI - 207,Virudhunagar,RAMACHANDRAN. K.K.S.S.R,Dravida Munnetra Kazhagam,65104,36.49,KARTHIK KUMAR. K,Tamilaga Vettri Kazhagam,60161,33.72,SETHUPATHY. S,All India Anna Dravida Munnetra Kazhagam,37190,20.84,Naam Tamilar Katchi,8499,4.76,4943,2.770000000000003
ATHOOR - 129,Dindigul,I. PERIASAMY,Dravida Munnetra Kazhagam,106240,44.79,N. KALAISELVI,Tamilaga Vettri Kazhagam,83872,35.36,A. VISWANATHAN,All India Anna Dravida Munnetra Kazhagam,32477,13.69,Naam Tamilar Katchi,9946,4.19,22368,9.43
ATTUR - 82,Salem,JAYASANKARAN. A.P.,All India Anna Dravida Munnetra Kazhagam,80843,38.81,SELVABHARATHI. R.,Tamilaga Vettri Kazhagam,65525,31.46,ARTHANARI. S.K.,Indian National Congress,51896,24.91,Naam Tamilar Katchi,6532,3.14,15318,7.350000000000001
AVADI - 6,Tiruvallur,R.RAMESH KUMAR,Tamilaga Vettri Kazhagam,180384,52.13,S.M.NASAR,Dravida Munnetra Kazhagam,104073,30.08,RAJASIMHA MAHENDRA,Bharatiya Janata Party,39605,11.45,Naam Tamilar Katchi,16335,4.72,76311,22.050000000000004
AVANASHI - 112,Coimbatore,KAMALI.S,Tamilaga Vettri Kazhagam,84209,36.36,DR. L. MURUGAN,Bharatiya Janata Party,68836,29.72,DR. GOKILAMANI.V,Dravida Munnetra Kazhagam,65530,28.29,Naam Tamilar Katchi,7704,3.33,15373,6.640000000000001
BARGUR - 52,Krishnagiri,E.C. GOVINDARASAN,All India Anna Dravida Munnetra Kazhagam,71240,33.3,E. MURALIDHARAN,Tamilaga Vettri Kazhagam,66999,31.31,D. MATHIAZHAGAN,Dravida Munnetra Kazhagam,65228,30.49,Naam Tamilar Katchi,5462,2.55,4241,1.9899999999999984
BHAVANI - 104,Erode,KARUPPANAN. K.C,All India Anna Dravida Munnetra Kazhagam,75577,36.28,BALAKRISHNAN,Tamilaga Vettri Kazhagam,68181,32.73,CHANDRASEKAR. K.A,Dravida Munnetra Kazhagam,54087,25.96,Naam Tamilar Katchi,6195,2.97,7396,3.5500000000000043
BHAVANISAGAR - 107,Erode,V.P.TAMILSELVI,Tamilaga Vettri Kazhagam,72391,33.73,A.BANNARI,All India Anna Dravida Munnetra Kazhagam,67822,31.6,P.L.SUNDARAM,Communist Party of India,63107,29.41,Naam Tamilar Katchi,5832,2.72,4569,2.1299999999999955
BHUVANAGIRI - 157,Cuddalore,ARUNMOZHITHEVAN . A,All India Anna Dravida Munnetra Kazhagam,75707,36.52,SARAVANAN. DURAI . K,Dravida Munnetra Kazhagam,73220,35.32,MAHALINGAM . T,Tamilaga Vettri Kazhagam,49904,24.07,Naam Tamilar Katchi,5105,2.46,2487,1.2000000000000028
BODINAYAKANUR - 200,Theni,PANNEERSELVAM.O,Dravida Munnetra Kazhagam,85206,38.62,PRAKASH.S,Tamilaga Vettri Kazhagam,78401,35.54,NARAYANASAMY V.T.,All India Anna Dravida Munnetra Kazhagam,41286,18.71,Naam Tamilar Katchi,11455,5.19,6805,3.0799999999999983
CHENGALPATTU - 32,Chengalpattu,S. THIYAGARAJAN,Tamilaga Vettri Kazhagam,137136,42.32,KARTHIKDHANDAPANI,Dravida Munnetra Kazhagam,101495,31.32,M.GAJENDRAN,All India Anna Dravida Munnetra Kazhagam,69763,21.53,Naam Tamilar Katchi,12032,3.71,35641,11.0
CHENGAM - 62,Tiruvannamalai ,S.VELU,All India Anna Dravida Munnetra Kazhagam,87802,36.15,K BHARATHIDHASAN,Tamilaga Vettri Kazhagam,74524,30.68,M.P.GIRI,Dravida Munnetra Kazhagam,70346,28.96,Naam Tamilar Katchi,6335,2.61,13278,5.469999999999999
CHEPAUK-THIRUVALLIKENI - 19,Chennai,UDHAYANIDHI STALIN,Dravida Munnetra Kazhagam,62992,44.76,SELVAM. D,Tamilaga Vettri Kazhagam,55852,39.68,AADIRAJARAM,All India Anna Dravida Munnetra Kazhagam,16507,11.73,Naam Tamilar Katchi,2971,2.11,7140,5.079999999999998
CHEYYAR - 68,Tiruvannamalai ,MUKKUR N. SUBRAMANIAN,All India Anna Dravida Munnetra Kazhagam,86680,38.95,DUSI K MOHAN,Tamilaga Vettri Kazhagam,65599,29.47,JOTHI. O,Dravida Munnetra Kazhagam,59894,26.91,Naam Tamilar Katchi,7043,3.16,21081,9.480000000000004
CHEYYUR - 34,Chengalpattu,RAJASEKAR. E,All India Anna Dravida Munnetra Kazhagam,63809,34.02,MOHAN RAJA.M.G.K,Tamilaga Vettri Kazhagam,58141,30.99,SINTHANAI SELVAN,Viduthalai Chiruthaigal Katchi,57909,30.87,Naam Tamilar Katchi,4853,2.59,5668,3.0300000000000047
CHIDAMBARAM - 158,Cuddalore,THAMIMUN ANSARI. M,Dravida Munnetra Kazhagam,69739,35.48,PANDIAN. K.A,All India Anna Dravida Munnetra Kazhagam,63992,32.55,NEDUNCHEZHIYAN,Tamilaga Vettri Kazhagam,54584,27.77,Naam Tamilar Katchi,6169,3.14,5747,2.9299999999999997
COIMBATORE (NORTH) - 118,Coimbatore,V. SAMPATHKUMAR,Tamilaga Vettri Kazhagam,92500,40.91,DURAI. SENTHAMIL SELVAN B.E,Dravida Munnetra Kazhagam,70508,31.18,VANATHI SRINIVASAN,Bharatiya Janata Party,49722,21.99,Naam Tamilar Katchi,9036,4.0,21992,9.729999999999997
COIMBATORE (SOUTH) - 120,Coimbatore,V SENTHILBALAJI,Dravida Munnetra Kazhagam,59724,38.16,V. SENTHILKUMAR,Tamilaga Vettri Kazhagam,57453,36.71,AMMAN K.ARJUNAN,All India Anna Dravida Munnetra Kazhagam,31689,20.25,Naam Tamilar Katchi,5062,3.23,2271,1.4499999999999957
COLACHAL - 231,Kanyakumari ,THARAHAI CUTHBERT,Indian National Congress,66207,33.27,PREM ALEX LAWRENCE,Tamilaga Vettri Kazhagam,63374,31.84,SIVAKUMAR. T,Bharatiya Janata Party,54384,27.33,Naam Tamilar Katchi,12458,6.26,2833,1.4300000000000033
COONOOR - 110,Nilgiris,M. RAJU,Dravida Munnetra Kazhagam,50470,35.69,A. RAMU,All India Anna Dravida Munnetra Kazhagam,42371,29.97,C. THANGARAJU,Tamilaga Vettri Kazhagam,42225,29.86,Naam Tamilar Katchi,4695,3.32,8099,5.719999999999999
CUDDALORE - 155,Cuddalore,B.RAJKUMAR,Tamilaga Vettri Kazhagam,70856,37.22,A.S.CHANDARASEKARAN,Indian National Congress,55337,29.07,M.C.SAMPATH,All India Anna Dravida Munnetra Kazhagam,55258,29.03,Naam Tamilar Katchi,5766,3.03,15519,8.149999999999999
CUMBUM - 201,Theni,JEGANATHMISHRA PLA,Tamilaga Vettri Kazhagam,85394,40.55,ERAMAKRISHNAN N,Dravida Munnetra Kazhagam,84643,40.2,JAKKAIYAN S.T.K.,All India Anna Dravida Munnetra Kazhagam,27307,12.97,Naam Tamilar Katchi,9599,4.56,751,0.3499999999999943
DHARAPURAM - 101,Erode,SATHYABAMA.P,All India Anna Dravida Munnetra Kazhagam,81100,40.56,INDIRANI.T,Dravida Munnetra Kazhagam,64373,32.2,GOWRI CHITRA,Tamilaga Vettri Kazhagam,46438,23.23,Naam Tamilar Katchi,6026,3.01,16727,8.36
DHARMAPURI - 59,Dharamapuri,SOWMIYA ANBUMANI,Pattali Makkal Katchi,93713,39.28,SIVAN. M.,Tamilaga Vettri Kazhagam,72817,30.52,DR. ELANGOVAN. V.,Desiya Murpokku Dravida Kazhagam,56905,23.85,Naam Tamilar Katchi,6758,2.83,20896,8.760000000000002
DINDIGUL - 132,Dindigul,SENTHILKUMAR. I.P,Dravida Munnetra Kazhagam,74489,35.13,NAZEER RAJA. G,Tamilaga Vettri Kazhagam,73358,34.6,SREENIVASAN. C,All India Anna Dravida Munnetra Kazhagam,53986,25.46,Naam Tamilar Katchi,7299,3.44,1131,0.5300000000000011
DR.RADHAKRISHNAN NAGAR - 11,Chennai,N. MARIE WILSON,Tamilaga Vettri Kazhagam,97800,53.97,J. JOHN EBENEZER,Dravida Munnetra Kazhagam,48132,26.56,R.S.RAAJESH,All India Anna Dravida Munnetra Kazhagam,26892,14.84,Naam Tamilar Katchi,5364,2.96,49668,27.41
EDAPPADI - 86,Salem,EDAPPADI PALANISWAMI. K,All India Anna Dravida Munnetra Kazhagam,148933,57.67,PREMKUMAR. K,Independent,50823,19.68,KASI. C,Dravida Munnetra Kazhagam,44011,17.04,Naam Tamilar Katchi,8450,3.27,98110,37.99
EGMORE - 16,Chennai,RAJMOHAN,Tamilaga Vettri Kazhagam,53901,45.02,TAMILAN PRASANNA,Dravida Munnetra Kazhagam,43097,35.99,ABISHEK. R,All India Anna Dravida Munnetra Kazhagam,18191,15.19,Naam Tamilar Katchi,2522,2.11,10804,9.030000000000001
ERODE (EAST) - 98,Erode,M.VIJAY BALAJI,Tamilaga Vettri Kazhagam,69747,42.93,GOPINATH PALANIYAPPAN,Indian National Congress,45781,28.18,R.MANOHARAN,All India Anna Dravida Munnetra Kazhagam,38183,23.5,Naam Tamilar Katchi,4987,3.07,23966,14.75
ERODE (WEST) - 99,Erode,ANANTH MOGHAN K.K.,Tamilaga Vettri Kazhagam,96836,43.74,S. MUTHUSAMY,Dravida Munnetra Kazhagam,74586,33.69,M. YUVARAJA,Bharatiya Janata Party,38185,17.25,Naam Tamilar Katchi,8124,3.67,22250,10.050000000000004
GANDHARVAKOTTAI - 178,Pudukottai,N. SUBRAMANIAN,Tamilaga Vettri Kazhagam,58795,35.08,C. UTHAYAKUMAR,Bharatiya Janata Party,47756,28.49,M. CHINNADURAI,Communist Party of India (Marxist),46734,27.88,Naam Tamilar Katchi,10189,6.08,11039,6.59
GANGAVALLI - 81,Salem,NALLATHAMBI. A,All India Anna Dravida Munnetra Kazhagam,73167,37.2,CHINNADURAI. K,Dravida Munnetra Kazhagam,58763,29.88,SUJATHA. V,Tamilaga Vettri Kazhagam,55291,28.11,Naam Tamilar Katchi,6242,3.17,14404,7.320000000000004
GINGEE - 70,Villupuram,GANESHKUMAR A,Pattali Makkal Katchi,78201,36.1,GINGEE MASTHAN K S,Dravida Munnetra Kazhagam,65556,30.26,CHANDRASEKARAN B,Tamilaga Vettri Kazhagam,61609,28.44,Naam Tamilar Katchi,6371,2.94,12645,5.84
GOBICHETTIPALAYAM - 106,Erode,SENGOTTAIYAN.K.A,Tamilaga Vettri Kazhagam,82612,37.6,NALLASIVAM.N,Dravida Munnetra Kazhagam,65992,30.03,PRABHU.V.B,All India Anna Dravida Munnetra Kazhagam,56232,25.59,Naam Tamilar Katchi,8137,3.7,16620,7.57
GUDALUR - 109,Nilgiris,DHRAVIDAMANI.M,Dravida Munnetra Kazhagam,65590,43.37,PON.JAYASEELAN,All India Anna Dravida Munnetra Kazhagam,42757,28.27,DEEPAK SAI KISHORE.A,Tamilaga Vettri Kazhagam,34962,23.12,Naam Tamilar Katchi,6199,4.1,22833,15.099999999999998
GUDIYATTAM - 46,Vellore,K.SINDU,Tamilaga Vettri Kazhagam,82858,36.17,K.B.PRADAP,Desiya Murpokku Dravida Kazhagam,72761,31.76,PARITHA PURUSHOTHAMAN.G,All India Anna Dravida Munnetra Kazhagam,64122,27.99,Naam Tamilar Katchi,5802,2.53,10097,4.41
GUMMIDIPOONDI - 1,Tiruvallur,S.VIJAYAKUMAR,Tamilaga Vettri Kazhagam,94320,40.56,SUDHAKAR.V,All India Anna Dravida Munnetra Kazhagam,66375,28.55,T.J.GOVINDARAJAN,Dravida Munnetra Kazhagam,62492,26.88,Naam Tamilar Katchi,4756,2.05,27945,12.010000000000002
HARBOUR - 18,Chennai,P K SEKARBABU,Dravida Munnetra Kazhagam,45254,45.43,SINORA P S ASHOK,Tamilaga Vettri Kazhagam,33504,33.63,R MANOHAR,All India Anna Dravida Munnetra Kazhagam,17256,17.32,Naam Tamilar Katchi,1607,1.61,11750,11.799999999999997
HARUR - 61,Dharamapuri,SAMPATHKUMAR. V,All India Anna Dravida Munnetra Kazhagam,75523,34.32,SHANMUGAM. A,Dravida Munnetra Kazhagam,72194,32.81,RAKESH. K,Tamilaga Vettri Kazhagam,62756,28.52,Naam Tamilar Katchi,5245,2.38,3329,1.509999999999998
HOSUR - 55,Krishnagiri,BALAKRISHNAREDDY. P,All India Anna Dravida Munnetra Kazhagam,109867,39.55,VENDARKARASAN.S,Tamilaga Vettri Kazhagam,82064,29.54,SATHYA.S.A.,Dravida Munnetra Kazhagam,73773,26.56,Naam Tamilar Katchi,7632,2.75,27803,10.009999999999998
JAYANKONDAM - 150,Ariyalur,VAITHILINGAM G.,Pattali Makkal Katchi,88992,38.94,KANNAN KA.SO.KA.,Dravida Munnetra Kazhagam,70502,30.85,KAVITHA RAJENDRAN G.,Tamilaga Vettri Kazhagam,55538,24.3,Naam Tamilar Katchi,6192,2.71,18490,8.089999999999996
JOLARPET - 49,Vellore,VEERAMANI K.C.,All India Anna Dravida Munnetra Kazhagam,78633,36.91,MUNISAMY C,Tamilaga Vettri Kazhagam,62550,29.36,KAVITHADHANDAPANI,Dravida Munnetra Kazhagam,61977,29.09,Naam Tamilar Katchi,5974,2.8,16083,7.549999999999997
KADAYANALLUR - 221,Tenkasi,RAJENDRAN. T. M,Dravida Munnetra Kazhagam,79832,35.97,C. KRISHNAMURALI,All India Anna Dravida Munnetra Kazhagam,73579,33.15,ABDUL JALEEL. R. K,Tamilaga Vettri Kazhagam,49254,22.19,Naam Tamilar Katchi,10965,4.94,6253,2.8200000000000003
KALASAPAKKAM - 65,Tiruvannamalai ,AGRI KRISHNAMURTHY. S S,All India Anna Dravida Munnetra Kazhagam,89629,41.86,SARAVANAN. P.S.T,Dravida Munnetra Kazhagam,62889,29.37,ELUMALAI. P,Tamilaga Vettri Kazhagam,51666,24.13,Naam Tamilar Katchi,5312,2.48,26740,12.489999999999998
KALLAKURICHI - 80,Kallakurichi,ARUL VIGNESH C,Tamilaga Vettri Kazhagam,81132,32.5,RAJEEVGANDHI S,All India Anna Dravida Munnetra Kazhagam,80334,32.18,MALATHI K,Viduthalai Chiruthaigal Katchi,77666,31.11,Naam Tamilar Katchi,7494,3.0,798,0.3200000000000003
KANCHEEPURAM - 37,Kanchipuram,R.V. RANJITHKUMAR,Tamilaga Vettri Kazhagam,91350,37.09,V. SOMASUNDARAM,All India Anna Dravida Munnetra Kazhagam,75862,30.8,NITHYA SUGUMAR,Dravida Munnetra Kazhagam,69344,28.15,Naam Tamilar Katchi,6950,2.82,15488,6.290000000000003
KANGAYAM - 102,Erode,NSN NATARAJ,All India Anna Dravida Munnetra Kazhagam,71122,34.94,MANI GOUNDER,Tamilaga Vettri Kazhagam,62989,30.95,M.P.SAMINATHAN,Dravida Munnetra Kazhagam,59230,29.1,Naam Tamilar Katchi,7068,3.47,8133,3.9899999999999984
KANNIYAKUMARI - 229,Kanyakumari ,THALAVAI SUNDARAM. N,All India Anna Dravida Munnetra Kazhagam,75045,31.38,MAHESH.R,Dravida Munnetra Kazhagam,74831,31.29,MADHAVAN.S.R,Tamilaga Vettri Kazhagam,72977,30.52,Naam Tamilar Katchi,13689,5.72,214,0.08999999999999986
KARAIKUDI - 184,Sivaganga,DR.PRABHU. TK,Tamilaga Vettri Kazhagam,101358,44.21,MANGUDI. S,Indian National Congress,55284,24.11,DHERPOKI V.PANDI,Amma Makkal Munnettra Kazagam,33352,14.55,Naam Tamilar Katchi,30793,13.43,46074,20.1
KARUR - 135,Karur,M.R. VIJAYABHASKAR,All India Anna Dravida Munnetra Kazhagam,71542,32.99,MATHIYALAGAN V.P,Tamilaga Vettri Kazhagam,69721,32.15,AASEE.M. THIAGARAJAN,Dravida Munnetra Kazhagam,67256,31.02,Naam Tamilar Katchi,5465,2.52,1821,0.8400000000000034
KATPADI - 40,Vellore,DR M SUDHAKAR,Tamilaga Vettri Kazhagam,69868,34.33,V. RAMU,All India Anna Dravida Munnetra Kazhagam,63998,31.45,DURAIMURUGAN,Dravida Munnetra Kazhagam,62225,30.58,Naam Tamilar Katchi,4625,2.27,5870,2.879999999999999
KATTUMANNARKOIL - 159,Cuddalore,L.E. JOTHIMANI,Viduthalai Chiruthaigal Katchi,85179,45.33,A. SOZHAN,Pattali Makkal Katchi,52116,27.74,S. SEENUVASAN,Tamilaga Vettri Kazhagam,43156,22.97,Naam Tamilar Katchi,4563,2.43,33063,17.59
KAVUNDAMPALAYAM - 117,Coimbatore,KANIMOZHI SANTHOSH,Tamilaga Vettri Kazhagam,146466,40.24,ARUNKUMAR PRG,All India Anna Dravida Munnetra Kazhagam,104326,28.66,SURYA PRAKASH K.P,Indian National Congress,90726,24.93,Naam Tamilar Katchi,16834,4.62,42140,11.580000000000002
KILLIYOOR - 234,Kanyakumari ,RAJESH KUMAR. S,Indian National Congress,66434,37.42,SABIN. S,Tamilaga Vettri Kazhagam,65123,36.68,NIVIN SIMON. J,Bharatiya Janata Party,31070,17.5,Naam Tamilar Katchi,12764,7.19,1311,0.740000000000002
KILPENNATHUR - 64,Tiruvannamalai ,RAMACHANDRAN.S,All India Anna Dravida Munnetra Kazhagam,90503,41.18,PITCHANDI.K,Dravida Munnetra Kazhagam,60038,27.32,RAJA.D,Tamilaga Vettri Kazhagam,59130,26.9,Naam Tamilar Katchi,6184,2.81,30465,13.86
KILVAITHINANKUPPAM - 45,Vellore,THENRAL KUMAR. E,Tamilaga Vettri Kazhagam,74305,39.13,JEGAN MOORTHY. M,All India Anna Dravida Munnetra Kazhagam,54050,28.46,DR. RAJESWARI. R,Dravida Munnetra Kazhagam,53898,28.38,Naam Tamilar Katchi,5183,2.73,20255,10.670000000000002
KILVELUR - 164,Nagapattinam,LATHA. T,Communist Party of India (Marxist),56108,37.0,SENTHIL PANDIAN. P,Tamilaga Vettri Kazhagam,53830,35.5,VADIVEL RAVANAN. S,Pattali Makkal Katchi,31675,20.89,Naam Tamilar Katchi,8069,5.32,2278,1.5
KINATHUKADAVU - 122,Coimbatore,VIGNESH K,Tamilaga Vettri Kazhagam,99950,37.31,SABARI KARTHIKEYAN K.V.K.S,Dravida Munnetra Kazhagam,88240,32.94,DAMODARAN S,All India Anna Dravida Munnetra Kazhagam,67789,25.3,Naam Tamilar Katchi,9667,3.61,11710,4.3700000000000045
KOLATHUR - 13,Chennai,V. S. BABU,Tamilaga Vettri Kazhagam,82997,45.09,M. K. STALIN,Dravida Munnetra Kazhagam,74202,40.32,P. SANTHANA KRISHNAN,All India Anna Dravida Munnetra Kazhagam,18430,10.01,Naam Tamilar Katchi,5046,2.74,8795,4.770000000000003
KOVILPATTI - 218,Thoothukudi,KARUNANITHI.K,Dravida Munnetra Kazhagam,61643,31.74,BALASUBRAMANIAN.S,Tamilaga Vettri Kazhagam,60800,31.3,KADAMBUR RAJU.C,All India Anna Dravida Munnetra Kazhagam,53014,27.29,Naam Tamilar Katchi,11919,6.14,843,0.4399999999999977
KRISHNAGIRI - 53,Krishnagiri,MUKUNDHAN.P,Tamilaga Vettri Kazhagam,89374,38.83,ASHOKKUMAR.K,All India Anna Dravida Munnetra Kazhagam,70530,30.64,CHELLAKUMAR.A,Indian National Congress,59597,25.89,Naam Tamilar Katchi,6398,2.78,18844,8.189999999999998
KRISHNARAYAPURAM - 136,Karur,SATHYA. M,Tamilaga Vettri Kazhagam,62378,32.94,DR. DHIVYA. S,All India Anna Dravida Munnetra Kazhagam,58875,31.09,RAJA. C.K,Dravida Munnetra Kazhagam,57292,30.26,Naam Tamilar Katchi,6102,3.22,3503,1.8499999999999979
KULITHALAI - 137,Karur,SURIYANUR. A. CHANDRAN,Dravida Munnetra Kazhagam,68138,32.59,G.BALASUBRAMANI,Tamilaga Vettri Kazhagam,67559,32.31,S.KARUNAKARAN,All India Anna Dravida Munnetra Kazhagam,60317,28.85,Naam Tamilar Katchi,7978,3.82,579,0.28000000000000114
KUMARAPALAYAM - 97,Namakkal,C.VIJAYALAKSHMI,Tamilaga Vettri Kazhagam,81179,39.54,P.THANGAMANI,All India Anna Dravida Munnetra Kazhagam,73483,35.79,S.BALU,Dravida Munnetra Kazhagam,39993,19.48,Naam Tamilar Katchi,7663,3.73,7696,3.75
KUMBAKONAM - 171,Thanjavur,VINOTH,Tamilaga Vettri Kazhagam,78650,37.76,ANBALAGAN G,Dravida Munnetra Kazhagam,77971,37.43,ASHOKKUMAR R,Bharatiya Janata Party,40103,19.25,Naam Tamilar Katchi,7710,3.7,679,0.3299999999999983
KUNNAM - 148,Perambalur,SIVASANKAR. S.S,Dravida Munnetra Kazhagam,87237,37.84,SARANYA. A,All India Anna Dravida Munnetra Kazhagam,71680,31.09,REVATHI MUTHAMILSELVAN,Tamilaga Vettri Kazhagam,59170,25.66,Naam Tamilar Katchi,7482,3.25,15557,6.7500000000000036
KURINJIPADI - 156,Cuddalore,M.R.K.PANNEERSELVAM,Dravida Munnetra Kazhagam,76695,35.84,A BHUVANENTHIRAN,All India Anna Dravida Munnetra Kazhagam,69106,32.3,RAJKUMAR D,Tamilaga Vettri Kazhagam,53110,24.82,Tamizhaga Vaazhvurimai Katchi,7113,3.32,7589,3.5400000000000063
LALGUDI - 143,Trichy,LEEMAROSE MARTIN,All India Anna Dravida Munnetra Kazhagam,60795,32.82,KU PA KRISHNAN,Tamilaga Vettri Kazhagam,58056,31.35,T. PARIVALLAL,Dravida Munnetra Kazhagam,55565,30.0,Naam Tamilar Katchi,6992,3.78,2739,1.4699999999999989
MADATHUKULAM - 126,Tiruppur,R JAYARAMAKRISHNAN,Dravida Munnetra Kazhagam,70458,37.43,C SHANMUGAVELU,Amma Makkal Munnettra Kazagam,54490,28.95,R THIRUMALAI,Tamilaga Vettri Kazhagam,52684,27.99,Naam Tamilar Katchi,6578,3.49,15968,8.48
MADAVARAM - 9,Chennai,M.L.VIJAYPRABHU,Tamilaga Vettri Kazhagam,190462,52.61,S.SUDHARSANAM,Dravida Munnetra Kazhagam,95477,26.38,MADHAVARAM V.MOORTHY,All India Anna Dravida Munnetra Kazhagam,59290,16.38,Naam Tamilar Katchi,12637,3.49,94985,26.23
MADURAI CENTRAL - 193,Madurai,MADHAR BADHURUDEEN,Tamilaga Vettri Kazhagam,63414,42.68,PALANIVEL THIAGA RAJAN,Dravida Munnetra Kazhagam,44286,29.8,SUNDAR C,All India Anna Dravida Munnetra Kazhagam,33538,22.57,Naam Tamilar Katchi,5549,3.73,19128,12.879999999999999
MADURAI EAST - 189,Madurai,KARTHIKEYAN S,Tamilaga Vettri Kazhagam,118777,43.74,MOORTHY P,Dravida Munnetra Kazhagam,102230,37.64,MAHENDRAN K,All India Anna Dravida Munnetra Kazhagam,31016,11.42,Naam Tamilar Katchi,13629,5.02,16547,6.100000000000001
MADURAI NORTH - 191,Madurai,A.KALLANAI,Tamilaga Vettri Kazhagam,72853,45.03,G.THALAPATHI,Dravida Munnetra Kazhagam,54815,33.88,P.SARAVANAN,All India Anna Dravida Munnetra Kazhagam,24982,15.44,Naam Tamilar Katchi,7415,4.58,18038,11.149999999999999
MADURAI SOUTH - 192,Madurai,M.M.GOPISON,Tamilaga Vettri Kazhagam,62415,44.11,M.BOOMINATHAN,Dravida Munnetra Kazhagam,40886,28.89,RAAMA SREENIVASAN,Bharatiya Janata Party,31100,21.98,Naam Tamilar Katchi,5863,4.14,21529,15.219999999999999
MADURAI WEST - 194,Madurai,THANGAPANDI SR,Tamilaga Vettri Kazhagam,88250,40.78,BALAJI R,Dravida Munnetra Kazhagam,76319,35.27,SELLUR K RAJU,All India Anna Dravida Munnetra Kazhagam,38961,18.0,Naam Tamilar Katchi,10574,4.89,11931,5.509999999999998
MADURANTAKAM - 35,Chengalpattu,MARAGATHAM KUMARAVEL.K,All India Anna Dravida Munnetra Kazhagam,69284,34.95,EZHIL KATHARINE EZHILMALAI,Tamilaga Vettri Kazhagam,62090,31.32,S.AMULU PONMALAR,Dravida Munnetra Kazhagam,59838,30.18,Naam Tamilar Katchi,4950,2.5,7194,3.6300000000000026
MADURAVOYAL - 7,Tiruvallur,RHEVANTH CHARAN,Tamilaga Vettri Kazhagam,141725,48.26,GANAPATHY. K,Dravida Munnetra Kazhagam,80216,27.31,P. BENJAMIN,All India Anna Dravida Munnetra Kazhagam,54705,18.63,Naam Tamilar Katchi,13024,4.43,61509,20.95
MAILAM - 71,Villupuram,SHANMUGAM C VE,All India Anna Dravida Munnetra Kazhagam,82353,43.52,VIJAY NIRANJAN A,Tamilaga Vettri Kazhagam,52312,27.65,VENKATESAN L,Desiya Murpokku Dravida Kazhagam,46267,24.45,Naam Tamilar Katchi,4383,2.32,30041,15.870000000000005
MANACHANALLUR - 144,Trichy,KATHIRAVAN. S,Dravida Munnetra Kazhagam,81447,38.82,V.SARAVANAN,Tamilaga Vettri Kazhagam,69083,32.93,R.V. BHARATHAN,All India Anna Dravida Munnetra Kazhagam,46066,21.96,Naam Tamilar Katchi,9289,4.43,12364,5.890000000000001
MANAMADURAI - 187,Sivaganga,ELANGOVAN.D,Tamilaga Vettri Kazhagam,69971,33.54,TAMILARASI.A,Dravida Munnetra Kazhagam,68763,32.96,BALAGANAPATHY.V,Bharatiya Janata Party,42610,20.42,Naam Tamilar Katchi,19676,9.43,1208,0.5799999999999983
MANAPPARAI - 138,Trichy,R. KATHIRAVAN,Tamilaga Vettri Kazhagam,83041,34.43,DR. PL. VIJAYAKUMAR,All India Anna Dravida Munnetra Kazhagam,81615,33.83,P. ABDUL SAMED,Dravida Munnetra Kazhagam,61355,25.44,Naam Tamilar Katchi,10070,4.17,1426,0.6000000000000014
MANNARGUDI - 167,Tiruvarur,KAMARAJ. S,Amma Makkal Munnettra Kazagam,68416,35.25,RAJAA.T.R.B,Dravida Munnetra Kazhagam,66850,34.44,RAJARAJAN.U,Tamilaga Vettri Kazhagam,44266,22.81,Naam Tamilar Katchi,8240,4.25,1566,0.8100000000000023
MAYILADUTHURAI - 161,Mayiladuthurai,JAMAL MOHAMED YOUNOOS. Y.N,Indian National Congress,68011,36.09,PALANISAMY. A M.COM.,Pattali Makkal Katchi,57166,30.33,HAROON RASHEED. S.S,Tamilaga Vettri Kazhagam,52538,27.88,Naam Tamilar Katchi,6886,3.65,10845,5.760000000000005
MELUR - 188,Madurai,P.VISWANATHAN,Indian National Congress,60080,31.5,A.MADURAIVEERAN,Tamilaga Vettri Kazhagam,57356,30.07,P.PERIYAPULLAN (A) SELVAM,All India Anna Dravida Munnetra Kazhagam,56744,29.75,Naam Tamilar Katchi,9570,5.02,2724,1.4299999999999997
METTUPPALAYAM - 111,Coimbatore,SUNILANAND,Tamilaga Vettri Kazhagam,75664,30.97,SMT.KAVITHA KALYANASUNDARAM,Dravida Munnetra Kazhagam,67896,27.79,O.K.CHINNARAJ,All India Anna Dravida Munnetra Kazhagam,61736,25.27,Independent,26756,10.95,7768,3.1799999999999997
METTUR - 85,Salem,VENKATACHALAM. G,All India Anna Dravida Munnetra Kazhagam,86498,37.43,MIDHUN CHAKRAVARTHY. M,Dravida Munnetra Kazhagam,67393,29.16,SELVAM. K,Tamilaga Vettri Kazhagam,65260,28.24,Naam Tamilar Katchi,7109,3.08,19105,8.27
MODAKKURICHI - 100,Erode,D.SHANMUGAN,Tamilaga Vettri Kazhagam,60715,31.83,S.KIRTHIKA,Bharatiya Janata Party,58285,30.55,S.SENTHILNATHAN,Dravida Munnetra Kazhagam,58236,30.53,Naam Tamilar Katchi,6723,3.52,2430,1.2799999999999976
MUDHUKULATHUR - 212,Ramanathapuram,R.S.RAJAKANNAPPAN,Dravida Munnetra Kazhagam,68003,29.39,MALARVIZHI. B,Tamilaga Vettri Kazhagam,51405,22.22,S.PANDI,All India Anna Dravida Munnetra Kazhagam,47501,20.53,All India Puratchi Thalaivar Makkal Munnettra Kazhagam,40422,17.47,16598,7.170000000000002
MUSIRI - 145,Trichy,M.VIGNESH,Tamilaga Vettri Kazhagam,71281,37.69,N.S.KARUNAIRAAJA,Dravida Munnetra Kazhagam,53839,28.47,N.YOGANATHAN,All India Anna Dravida Munnetra Kazhagam,52061,27.52,Naam Tamilar Katchi,8357,4.42,17442,9.219999999999999
MYLAPORE - 25,Chennai,VENKATARAMANAN. P,Tamilaga Vettri Kazhagam,70070,46.53,VELU. DHA,Dravida Munnetra Kazhagam,41098,27.29,DR. TAMILISAI SOUNDARARAJAN,Bharatiya Janata Party,32328,21.47,Naam Tamilar Katchi,4499,2.99,28972,19.240000000000002
NAGAPATTINAM - 163,Nagapattinam,M.H.JAWAHIRULLAH,Dravida Munnetra Kazhagam,56305,37.21,M.SUGUMAR,Tamilaga Vettri Kazhagam,46524,30.74,THANKA.KATHIRAVAN,All India Anna Dravida Munnetra Kazhagam,41586,27.48,Naam Tamilar Katchi,5348,3.53,9781,6.470000000000002
NAGERCOIL - 230,Kanyakumari ,AUSTIN,Dravida Munnetra Kazhagam,69880,35.6,BERVIN KINGS G,Tamilaga Vettri Kazhagam,62310,31.75,GANDHI M R,Bharatiya Janata Party,52355,26.67,Naam Tamilar Katchi,8573,4.37,7570,3.8500000000000014
NAMAKKAL - 94,Namakkal,DILIP C S,Tamilaga Vettri Kazhagam,79744,37.56,SRIDEVI MOHAN P S,All India Anna Dravida Munnetra Kazhagam,68736,32.38,RANI P,Dravida Munnetra Kazhagam,52808,24.88,Naam Tamilar Katchi,6286,2.96,11008,5.18
NANGUNERI - 227,Tirunelveli,REDDIARPATTI V. NARAYANAN,Tamilaga Vettri Kazhagam,74952,35.79,RUBY.R.MANOHARAN,Indian National Congress,58533,27.95,R. ESAKKIMUTHU,Amma Makkal Munnettra Kazagam,38316,18.3,Naam Tamilar Katchi,17618,8.41,16419,7.84
NANNILAM - 169,Tiruvarur,KAMARAJ. R,All India Anna Dravida Munnetra Kazhagam,103462,44.7,MOHAMED MUBARAK,Dravida Munnetra Kazhagam,61738,26.68,PRABHAKARAN. S,Tamilaga Vettri Kazhagam,54530,23.56,Naam Tamilar Katchi,8446,3.65,41724,18.020000000000003
NATHAM - 131,Dindigul,NATHAM VISWANATHAN R,All India Anna Dravida Munnetra Kazhagam,85708,35.84,SELVAKUMAR K,Dravida Munnetra Kazhagam,73839,30.88,RAMESH L N,Tamilaga Vettri Kazhagam,64997,27.18,Naam Tamilar Katchi,9677,4.05,11869,4.960000000000004
NEYVELI - 153,Cuddalore,RAJENDRAN.R,All India Anna Dravida Munnetra Kazhagam,63731,37.76,SABA.RAJENDRAN,Dravida Munnetra Kazhagam,52769,31.26,ANAND.K,Tamilaga Vettri Kazhagam,34291,20.32,Tamizhaga Vaazhvurimai Katchi,11381,6.74,10962,6.4999999999999964
NILAKKOTTAI - 130,Dindigul,AYYANAR.R,Tamilaga Vettri Kazhagam,68580,34.71,NAGAJOTHI.S,Dravida Munnetra Kazhagam,65655,33.23,THENMOZHI.S,All India Anna Dravida Munnetra Kazhagam,49924,25.27,Naam Tamilar Katchi,8615,4.36,2925,1.480000000000004
ODDANCHATRAM - 128,Dindigul,SAKKARAPANI. R,Dravida Munnetra Kazhagam,93099,46.17,VIDIYAL S. SEKAR,Bharatiya Janata Party,49850,24.72,MOHAN. S,Tamilaga Vettri Kazhagam,49155,24.38,Naam Tamilar Katchi,5454,2.71,43249,21.450000000000003
OMALUR - 84,Salem,MANI. R,All India Anna Dravida Munnetra Kazhagam,112246,41.4,ADHIYAMAAN. R.V,Tamilaga Vettri Kazhagam,97707,36.04,ELANGOVAN. A.R,Desiya Murpokku Dravida Kazhagam,46917,17.3,Naam Tamilar Katchi,8370,3.09,14539,5.359999999999999
ORATHANADU - 175,Thanjavur,R. VAITHILINGAM,Dravida Munnetra Kazhagam,86759,44.42,DR. K. ARVIND,Tamilaga Vettri Kazhagam,51731,26.49,M. SEKAR,All India Anna Dravida Munnetra Kazhagam,44260,22.66,Naam Tamilar Katchi,10135,5.19,35028,17.930000000000003
OTTAPIDARAM - 217,Thoothukudi,P .MATHANRAJA,Tamilaga Vettri Kazhagam,81625,41.62,P.M.RAMAJEYAM,Dravida Munnetra Kazhagam,52542,26.79,R SUNDARARAJ,Amma Makkal Munnettra Kazagam,25871,13.19,Naam Tamilar Katchi,17279,8.81,29083,14.829999999999998
PADMANABHAPURAM - 232,Kanyakumari ,CHELLASWAMY. R,Communist Party of India (Marxist),68938,38.18,KRISHNA KUMAR. S,Tamilaga Vettri Kazhagam,53369,29.56,RAMESH. P,Bharatiya Janata Party,44293,24.53,Naam Tamilar Katchi,11288,6.25,15569,8.620000000000001
PALACODU - 57,Dharamapuri,ANBALAGAN. K.P.,All India Anna Dravida Munnetra Kazhagam,102807,45.64,GOPI. R.,Tamilaga Vettri Kazhagam,63765,28.31,DR. DNV SENTHILKUMAR. S.,Dravida Munnetra Kazhagam,50043,22.22,Naam Tamilar Katchi,5598,2.49,39042,17.330000000000002
PALANI - 127,Dindigul,RAVIMANOHARAN. K,All India Anna Dravida Munnetra Kazhagam,66986,32.11,DR. PRAVEEN KUMAR. M,Tamilaga Vettri Kazhagam,66293,31.78,PANDI. N,Communist Party of India (Marxist),65534,31.41,Naam Tamilar Katchi,6300,3.02,693,0.3299999999999983
PALAYAMKOTTAI - 226,Tirunelveli,M.ABDUL WAHAB,Dravida Munnetra Kazhagam,79744,44.15,MARIA JOHN,Tamilaga Vettri Kazhagam,65939,36.51,SYED SULTHAN SAMSUDEEN,All India Anna Dravida Munnetra Kazhagam,19732,10.92,Naam Tamilar Katchi,10465,5.79,13805,7.640000000000001
PALLADAM - 115,Coimbatore,K.RAMKUMAR,Tamilaga Vettri Kazhagam,121297,40.3,K.P.PARAMASIVAM,All India Anna Dravida Munnetra Kazhagam,83400,27.71,K.SELVARAJ,Dravida Munnetra Kazhagam,78625,26.12,Naam Tamilar Katchi,13141,4.37,37897,12.589999999999996
PALLAVARAM - 30,Chengalpattu,J.KAMATCHI,Tamilaga Vettri Kazhagam,133611,47.1,D.MURUGESAN,Desiya Murpokku Dravida Kazhagam,78918,27.82,V.VENKATESAN,All India Anna Dravida Munnetra Kazhagam,48921,17.25,Naam Tamilar Katchi,14065,4.96,54693,19.28
PANRUTI - 154,Cuddalore,MOHAN. K,All India Anna Dravida Munnetra Kazhagam,78398,37.2,ABDUR RAHMAN. A.R,Viduthalai Chiruthaigal Katchi,67735,32.14,MANIKANDAN. M,Tamilaga Vettri Kazhagam,56022,26.58,Naam Tamilar Katchi,4884,2.32,10663,5.060000000000002
PAPANASAM - 172,Thanjavur,A.M. SHAHJAHAN,Indian Union Muslim League,69284,33.35,AZARUDEEN UDUMAN ALI,Tamilaga Vettri Kazhagam,68219,32.84,DORAI. SHANMUGA PRABU,All India Anna Dravida Munnetra Kazhagam,57072,27.48,Naam Tamilar Katchi,9604,4.62,1065,0.509999999999998
PAPPIREDDIPATTI - 60,Dharamapuri,MARAGATHAM VETRIVEL,All India Anna Dravida Munnetra Kazhagam,101829,43.03,PALANIAPPAN. P,Dravida Munnetra Kazhagam,68715,29.04,THILAGAVATHI. S,Tamilaga Vettri Kazhagam,57619,24.35,Naam Tamilar Katchi,5216,2.2,33114,13.990000000000002
PARAMAKUDI - 209,Ramanathapuram,ADVOCATE. KATHIRAVAN. K.K,Dravida Munnetra Kazhagam,59161,31.18,GOPIRAJAN. G,Tamilaga Vettri Kazhagam,55613,29.31,DR. MUTHIAH. S,All India Anna Dravida Munnetra Kazhagam,54099,28.51,Naam Tamilar Katchi,15363,8.1,3548,1.870000000000001
PARAMATHI-VELUR - 95,Namakkal,SEKAR S,All India Anna Dravida Munnetra Kazhagam,61349,32.49,MOORTHIY K S,Dravida Munnetra Kazhagam,61041,32.32,NANDAKUMAR A,Tamilaga Vettri Kazhagam,56067,29.69,Naam Tamilar Katchi,5727,3.03,308,0.1700000000000017
PATTUKKOTTAI - 176,Thanjavur,ANNADURAI K,Dravida Munnetra Kazhagam,65963,35.9,MATHAN C,Tamilaga Vettri Kazhagam,52209,28.41,SEKAR C V,All India Anna Dravida Munnetra Kazhagam,49575,26.98,Naam Tamilar Katchi,13145,7.15,13754,7.489999999999998
PENNAGARAM - 58,Dharamapuri,GAJENDRAN. S.,Tamilaga Vettri Kazhagam,81240,35.53,SELVAM. V.,Pattali Makkal Katchi,78075,34.14,G. K. M. TAMILKUMARAN,Indian National Congress,53901,23.57,Naam Tamilar Katchi,7358,3.22,3165,1.3900000000000006
PERAMBALUR - 147,Perambalur,SIVAKUMAR. K,Tamilaga Vettri Kazhagam,90882,35.83,DR. JAYALAKSHMI. S.T,Dravida Munnetra Kazhagam,76489,30.15,THAMIZHSELVAN. R,All India Anna Dravida Munnetra Kazhagam,72716,28.67,Naam Tamilar Katchi,9474,3.74,14393,5.68
PERAMBUR - 12,Chennai,C. JOSEPH VIJAY,Tamilaga Vettri Kazhagam,120365,58.89,R.D. SHEKAR,Dravida Munnetra Kazhagam,66650,32.61,M. THILAGABAMA,Pattali Makkal Katchi,8561,4.19,Naam Tamilar Katchi,5114,2.5,53715,26.28
PERAVURANI - 177,Thanjavur,ASHOKKUMAR. N,Dravida Munnetra Kazhagam,60919,34.56,GOVI.ELANGO,All India Anna Dravida Munnetra Kazhagam,57757,32.77,D.CHANDRAKANDEEBAN,Tamilaga Vettri Kazhagam,45576,25.86,Naam Tamilar Katchi,9122,5.17,3162,1.7899999999999991
PERIYAKULAM - 199,Theni,SABARI IYNGARAN G.,Tamilaga Vettri Kazhagam,85656,40.56,SAKTHIVEL P.,Viduthalai Chiruthaigal Katchi,66335,31.41,DR KATHIRKAMU K.,Amma Makkal Munnettra Kazagam,44521,21.08,Naam Tamilar Katchi,9610,4.55,19321,9.150000000000002
PERUNDURAI - 103,Erode,JAYAKUMAR. S,All India Anna Dravida Munnetra Kazhagam,70302,35.03,THOPPU VENKATACHALAM (ALIAS) N.D. VENKATACHALAM,Dravida Munnetra Kazhagam,60609,30.2,ARUNACHALAM. V. P,Tamilaga Vettri Kazhagam,59483,29.64,Naam Tamilar Katchi,6468,3.22,9693,4.830000000000002
POLLACHI - 123,Coimbatore,K. NITHYANANDHAN,Dravida Munnetra Kazhagam,62013,34.22,POLLACHI V. JAYARAMAN,All India Anna Dravida Munnetra Kazhagam,57386,31.67,G. RAMANATHAN,Tamilaga Vettri Kazhagam,53819,29.7,Naam Tamilar Katchi,4866,2.69,4627,2.549999999999997
POLUR - 66,Tiruvannamalai ,ABISHEK. R,Tamilaga Vettri Kazhagam,67961,32.1,SARAVANAN. P,Desiya Murpokku Dravida Kazhagam,67734,31.99,BASKARAN. C. R,Pattali Makkal Katchi,61444,29.02,Naam Tamilar Katchi,6425,3.03,227,0.11000000000000298
PONNERI - 2,Tiruvallur,DR.RAVI.M.S,Tamilaga Vettri Kazhagam,110439,48.69,DURAI CHANDRASEKAR,Indian National Congress,54671,24.1,BALARAMAN.P,All India Anna Dravida Munnetra Kazhagam,51468,22.69,Naam Tamilar Katchi,6676,2.94,55768,24.589999999999996
POOMPUHAR - 162,Mayiladuthurai,NIVEDHA M MURUGAN,Dravida Munnetra Kazhagam,81096,36.98,PAVUNRAJ. S,All India Anna Dravida Munnetra Kazhagam,72836,33.21,VIJAYALAIYAN. J,Tamilaga Vettri Kazhagam,55902,25.49,Naam Tamilar Katchi,6353,2.9,8260,3.769999999999996
POONAMALLEE - 5,Tiruvallur,PRAKASAM.R,Tamilaga Vettri Kazhagam,161309,52.22,KRISHNASWAMY.A,Dravida Munnetra Kazhagam,88569,28.67,ELUMALAI.T.A,Amma Makkal Munnettra Kazagam,43280,14.01,Naam Tamilar Katchi,11697,3.79,72740,23.549999999999997
PUDUKKOTTAI - 180,Pudukottai,V. MUTHURAJA,Dravida Munnetra Kazhagam,66825,35.1,K.M. SHARIFF,Tamilaga Vettri Kazhagam,64958,34.12,N. RAMACHANDRAN,Bharatiya Janata Party,41089,21.58,Naam Tamilar Katchi,11673,6.13,1867,0.980000000000004
RADHAPURAM - 228,Tirunelveli,DR.SATHISH CHRISTOPHER,Tamilaga Vettri Kazhagam,69947,34.99,APPAVU.M,Dravida Munnetra Kazhagam,57634,28.83,BALAKRISHNAN.S.P,Bharatiya Janata Party,52637,26.33,Naam Tamilar Katchi,15370,7.69,12313,6.160000000000004
RAJAPALAYAM - 202,Virudhunagar,JEGADESHWARI. K,Tamilaga Vettri Kazhagam,65548,35.81,THANGAPANDIAN. S,Dravida Munnetra Kazhagam,54943,30.02,PRISCILLA PANDIAN. J,Bharatiya Janata Party,36318,19.84,Naam Tamilar Katchi,16972,9.27,10605,5.790000000000003
RAMANATHAPURAM - 211,Ramanathapuram,KATHARBATCHA MUTHURAMALINGAM,Dravida Munnetra Kazhagam,89137,37.52,SHAHUL HAMEED,Tamilaga Vettri Kazhagam,76678,32.28,GBS K.NAGENDRAN,Bharatiya Janata Party,57730,24.3,Naam Tamilar Katchi,10766,4.53,12459,5.240000000000002
RANIPET - 41,Vellore,THAHIRA,Tamilaga Vettri Kazhagam,91149,41.24,R. GANDHI,Dravida Munnetra Kazhagam,85362,38.62,V.M. KARTHIKEYAN,Bharatiya Janata Party,32060,14.5,Naam Tamilar Katchi,7236,3.27,5787,2.6200000000000045
RASIPURAM - 92,Salem,LOGESH TAMILSELVAN D,Tamilaga Vettri Kazhagam,74808,36.55,PREMKUMAR S D,Bharatiya Janata Party,60297,29.46,MATHIVENTHAN M DR,Dravida Munnetra Kazhagam,57854,28.27,Naam Tamilar Katchi,6415,3.13,14511,7.089999999999996
RISHIVANDIYAM - 78,Kallakurichi,KARTHIKEYAN K,Dravida Munnetra Kazhagam,89711,36.65,ASHOK KUMAR G,Tamilaga Vettri Kazhagam,84849,34.66,CHEZHIYAN P,Pattali Makkal Katchi,56488,23.08,Naam Tamilar Katchi,7247,2.96,4862,1.990000000000002
ROYAPURAM - 17,Chennai,K.V. VIJAY DAMU,Tamilaga Vettri Kazhagam,59091,46.4,DR. A. SUBAIR KHAN,Dravida Munnetra Kazhagam,44842,35.21,D. JAYAKUMAR,All India Anna Dravida Munnetra Kazhagam,18420,14.46,Naam Tamilar Katchi,2947,2.31,14249,11.189999999999998
SAIDAPET - 23,Chennai,ARUL PRAKASAM. M,Tamilaga Vettri Kazhagam,81205,50.63,SUBRAMANIAN. MA,Dravida Munnetra Kazhagam,52691,32.85,SENTHAMIZHAN. G,Amma Makkal Munnettra Kazagam,17839,11.12,Naam Tamilar Katchi,5918,3.69,28514,17.78
SALEM (NORTH) - 89,Salem,SIVAKUMAR. K,Tamilaga Vettri Kazhagam,85710,40.68,RAJENDRAN. R,Dravida Munnetra Kazhagam,71676,34.02,SADHASIVAM. S,Pattali Makkal Katchi,44238,20.99,Naam Tamilar Katchi,6450,3.06,14034,6.659999999999997
SALEM (SOUTH) - 90,Salem,VIJAY TAMILAN PARTHIBAN. A,Tamilaga Vettri Kazhagam,91371,43.95,LOGANATHAN. M,Dravida Munnetra Kazhagam,58002,27.9,VINOTH. J,All India Anna Dravida Munnetra Kazhagam,50216,24.15,Naam Tamilar Katchi,5819,2.8,33369,16.050000000000004
SALEM (WEST) - 88,Salem,LAKSHMANAN.S,Tamilaga Vettri Kazhagam,120407,51.37,KARTHE.M,Pattali Makkal Katchi,45540,19.43,ALAGAAPURAM. R. MOHANRAJ,Desiya Murpokku Dravida Kazhagam,41522,17.71,Aanaithinthiya Jananayaka Pathukappu Kazhagam,12532,5.35,74867,31.939999999999998
SANKARANKOVIL - 219,Tenkasi,DR. DHILIPAN JAISHANKAR,All India Anna Dravida Munnetra Kazhagam,64865,33.01,C. RAMARAJAN,Tamilaga Vettri Kazhagam,58376,29.71,SANGAI. GANESAN,Indian National Congress,42567,21.66,Naam Tamilar Katchi,12767,6.5,6489,3.299999999999997
SANKARAPURAM - 79,Kallakurichi,RAKESH R,All India Anna Dravida Munnetra Kazhagam,80250,34.07,UDHAYASURIYAN T,Dravida Munnetra Kazhagam,76810,32.61,JAGADESAN A,Tamilaga Vettri Kazhagam,67624,28.71,Naam Tamilar Katchi,5567,2.36,3440,1.4600000000000009
SANKARI - 87,Salem,VETRIVEL. S,All India Anna Dravida Munnetra Kazhagam,87342,35.83,SENTHILKUMAR. K,Tamilaga Vettri Kazhagam,77825,31.92,MANIKANDAN. M,Dravida Munnetra Kazhagam,65716,26.96,Naam Tamilar Katchi,7534,3.09,9517,3.9099999999999966
SATTUR - 204,Virudhunagar,KADARKARAIRAJ. A,Dravida Munnetra Kazhagam,62060,31.23,NAINAR NAGENTHRAN,Bharatiya Janata Party,56071,28.21,AJITH. M,Tamilaga Vettri Kazhagam,53498,26.92,All India Puratchi Thalaivar Makkal Munnettra Kazhagam,11602,5.84,5989,3.0199999999999996
SENTHAMANGALAM - 93,Salem,P CHANDRASEKAR,Tamilaga Vettri Kazhagam,68815,32.82,C CHANDRASEKARAN,All India Anna Dravida Munnetra Kazhagam,66160,31.55,P POOMALAR,Dravida Munnetra Kazhagam,64951,30.98,Naam Tamilar Katchi,6478,3.09,2655,1.2699999999999996
SHOLAVANDAN - 190,Madurai,KARUPPAIAH.M.V,Tamilaga Vettri Kazhagam,63907,33.8,VENKATESAN.A,Dravida Munnetra Kazhagam,61229,32.38,MANICKAM.K,All India Anna Dravida Munnetra Kazhagam,49494,26.18,Naam Tamilar Katchi,10430,5.52,2678,1.4199999999999946
SHOLINGUR - 39,Ranipet,G.KAPIL,Tamilaga Vettri Kazhagam,84506,36.16,K.SARAVANAN,Pattali Makkal Katchi,78820,33.73,A.M.MUNIRATHINAM,Indian National Congress,57997,24.82,Naam Tamilar Katchi,6468,2.77,5686,2.4299999999999997
SHOZHINGANALLUR - 27,Chennai,ECR P SARAVANAN,Tamilaga Vettri Kazhagam,220382,49.27,S. ARAVIND RAMESH,Dravida Munnetra Kazhagam,123602,27.63,K.P.KANDAN,All India Anna Dravida Munnetra Kazhagam,74112,16.57,Naam Tamilar Katchi,21919,4.9,96780,21.640000000000004
SINGANALLUR - 121,Coimbatore,K.S.SRI GIRI PRASATH,Tamilaga Vettri Kazhagam,84163,38.08,V.SRINIDHI,Indian National Congress,65024,29.42,K.R.JAYARAM,All India Anna Dravida Munnetra Kazhagam,57783,26.14,Naam Tamilar Katchi,9203,4.16,19139,8.659999999999997
SIRKAZHI - 160,Mayiladuthurai,SENTHILSELVAN.R,Dravida Munnetra Kazhagam,71449,35.64,SAKTHI.M,All India Anna Dravida Munnetra Kazhagam,60032,29.95,GOPINATH.S,Tamilaga Vettri Kazhagam,59149,29.51,Naam Tamilar Katchi,7397,3.69,11417,5.690000000000001
SIVAGANGA - 186,Sivaganga,KULANTHAI RANI A,Tamilaga Vettri Kazhagam,73737,34.45,SENTHILNATHAN PR,All India Anna Dravida Munnetra Kazhagam,58656,27.4,KARUNAAS S,Dravida Munnetra Kazhagam,57300,26.77,Naam Tamilar Katchi,19021,8.89,15081,7.050000000000004
SIVAKASI - 205,Virudhunagar,KEERTHANA S,Tamilaga Vettri Kazhagam,68709,35.51,ASHOKAN G,Indian National Congress,57039,29.47,RAJENTHRABHALAJI K T,All India Anna Dravida Munnetra Kazhagam,51078,26.39,Naam Tamilar Katchi,10191,5.27,11670,6.039999999999999
SRIPERUMBUDUR - 29,Kanchipuram,THENNARASU.K,Tamilaga Vettri Kazhagam,147611,44.58,K. SELVAPERUNTHAGAI,Indian National Congress,93365,28.2,K. PALANI,All India Anna Dravida Munnetra Kazhagam,73182,22.1,Naam Tamilar Katchi,13150,3.97,54246,16.38
SRIRANGAM - 139,Trichy,RAMESH,Tamilaga Vettri Kazhagam,103235,40.49,S. DURAIRAJ,Dravida Munnetra Kazhagam,69645,27.31,R.MANOHARAN,All India Anna Dravida Munnetra Kazhagam,65819,25.81,Naam Tamilar Katchi,11026,4.32,33590,13.180000000000003
SRIVAIKUNTAM - 216,Thoothukudi,SARAVANAN. G,Tamilaga Vettri Kazhagam,58814,33.34,SHANMUGANATHAN. S. P,All India Anna Dravida Munnetra Kazhagam,57628,32.67,OORVASI AMIRTHARAJ. S,Indian National Congress,41277,23.4,Naam Tamilar Katchi,13153,7.46,1186,0.6700000000000017
SRIVILLIPUTHUR - 203,Virudhunagar,KARTHIK.A,Tamilaga Vettri Kazhagam,65653,33.93,MAHALINGAM.P,Communist Party of India,57072,29.5,CHANDRAPRABHA.M,All India Anna Dravida Munnetra Kazhagam,42839,22.14,Naam Tamilar Katchi,13274,6.86,8581,4.43
SULUR - 116,Coimbatore,NM.SUKUMAR,Tamilaga Vettri Kazhagam,90531,33.1,V.P.KANDASAMY,All India Anna Dravida Munnetra Kazhagam,85741,31.34,THALAPATHY MURUGESAN,Dravida Munnetra Kazhagam,83654,30.58,Naam Tamilar Katchi,10147,3.71,4790,1.7600000000000016
TAMBARAM - 31,Chengalpattu,D.SARATHKUMAR,Tamilaga Vettri Kazhagam,118967,42.67,R.S.KIRUTHIKA DEVI,Dravida Munnetra Kazhagam,83346,29.89,C.RAJENDRAN,All India Anna Dravida Munnetra Kazhagam,61991,22.23,Naam Tamilar Katchi,11627,4.17,35621,12.780000000000001
TENKASI - 222,Tenkasi,DR.KALAI KATHIRAVAN,Dravida Munnetra Kazhagam,79699,33.92,S.SELVA MOHANDAS PANDIAN,All India Anna Dravida Munnetra Kazhagam,69400,29.53,A. RAJAPRAKASH,Tamilaga Vettri Kazhagam,55543,23.64,Naam Tamilar Katchi,16394,6.98,10299,4.390000000000001
THALLI - 56,Krishnagiri,RAMACHANDRAN. T,Communist Party of India,78283,38.02,DR.NAGESH KUMAR. C,Bharatiya Janata Party,73043,35.48,SURESH. G,Tamilaga Vettri Kazhagam,45245,21.98,Naam Tamilar Katchi,4107,1.99,5240,2.5400000000000063
THANJAVUR - 174,Thanjavur,R. VIJAYSARAVANAN,Tamilaga Vettri Kazhagam,87705,44.12,SHAN. RAMANATHAN,Dravida Munnetra Kazhagam,70750,35.59,KARUPPU MURUGANANTHAM,Bharatiya Janata Party,26790,13.48,Naam Tamilar Katchi,9383,4.72,16955,8.529999999999994
THIRU-VI-KA-NAGAR - 15,Chennai,M. R. PALLAVI,Tamilaga Vettri Kazhagam,69125,48.04,K. S. RAVICHANDRAN,Dravida Munnetra Kazhagam,46792,32.52,PORKODI ARMSTRONG,All India Anna Dravida Munnetra Kazhagam,23304,16.19,Naam Tamilar Katchi,2658,1.85,22333,15.519999999999996
THIRUMANGALAM - 196,Madurai,MANIMARAN.M,Dravida Munnetra Kazhagam,88291,38.22,UDHAYAKUMAR.R.B,All India Anna Dravida Munnetra Kazhagam,64484,27.92,SATHISHKUMAR.N,Tamilaga Vettri Kazhagam,60826,26.33,Naam Tamilar Katchi,11139,4.82,23807,10.299999999999997
THIRUMAYAM - 181,Pudukottai,REGUPATHY.S,Dravida Munnetra Kazhagam,58201,31.87,CHINTHAMANI.C,Tamilaga Vettri Kazhagam,56709,31.05,VAIRAMUTHU.PK,All India Anna Dravida Munnetra Kazhagam,55464,30.37,Naam Tamilar Katchi,9102,4.98,1492,0.8200000000000003
THIRUPARANKUNDRAM - 195,Madurai,NIRMALKUMAR. R.,Tamilaga Vettri Kazhagam,114316,44.75,KIRUTHIGA THANGAPANDI,Dravida Munnetra Kazhagam,72763,28.48,RAJANCHELLAPPA. V.V.,All India Anna Dravida Munnetra Kazhagam,49865,19.52,Naam Tamilar Katchi,14350,5.62,41553,16.27
THIRUPORUR - 33,Chengalpattu,B.VIJAYARAJ,Tamilaga Vettri Kazhagam,110095,41.96,R. PANNEERDOSS,Viduthalai Chiruthaigal Katchi,70744,26.96,K. BALU,Pattali Makkal Katchi,67392,25.68,Naam Tamilar Katchi,9616,3.66,39351,15.0
THIRUTHURAIPOONDI - 166,Tiruvarur,MARIMUTHU.K,Communist Party of India,74062,38.77,PANDIYAN.S,Tamilaga Vettri Kazhagam,61140,32.01,BALATHANDAYUTHAM.U,All India Anna Dravida Munnetra Kazhagam,43073,22.55,Naam Tamilar Katchi,10176,5.33,12922,6.760000000000005
THIRUVAIYARU - 173,Thanjavur,DURAI. CHANDRASEKARAN,Dravida Munnetra Kazhagam,80425,36.21,MATHI. MANIKANDAN,Tamilaga Vettri Kazhagam,71870,32.36,VELU. KARTHIKEYAN,Amma Makkal Munnettra Kazagam,55121,24.82,Naam Tamilar Katchi,10681,4.81,8555,3.8500000000000014
THIRUVALLUR - 4,Tiruvallur,DR. T. ARUNKUMAR,Tamilaga Vettri Kazhagam,92190,40.71,V.G. RAAJENDRAN,Dravida Munnetra Kazhagam,67430,29.78,BE VEE RAMANAH,All India Anna Dravida Munnetra Kazhagam,56562,24.98,Naam Tamilar Katchi,5513,2.43,24760,10.93
THIRUVARUR - 168,Tiruvarur,KALAIVANAN POONDI K,Dravida Munnetra Kazhagam,93408,42.87,VEERAMANI V,Tamilaga Vettri Kazhagam,75260,34.54,CHANDRASEKARAN GOVI,Bharatiya Janata Party,36387,16.7,Naam Tamilar Katchi,10031,4.6,18148,8.329999999999998
THIRUVERUMBUR - 142,Trichy,VIJAYAKUMAR (A) NAVALPATTU S. VIJI,Tamilaga Vettri Kazhagam,89837,42.06,ANBIL MAHESH POYYAMOZHI,Dravida Munnetra Kazhagam,81132,37.99,KUMAR. P,All India Anna Dravida Munnetra Kazhagam,29473,13.8,Naam Tamilar Katchi,9311,4.36,8705,4.07
THIRUVIDAIMARUDUR - 170,Thanjavur,GOVI.CHEZHIAAN,Dravida Munnetra Kazhagam,79951,38.26,S.PRABAKARAN,Tamilaga Vettri Kazhagam,65835,31.51,ELAMATHI SUBRAMANIAN,All India Anna Dravida Munnetra Kazhagam,52922,25.33,Naam Tamilar Katchi,6363,3.05,14116,6.7499999999999964
THIRUVOTTIYUR - 10,Chennai,SENTHIL KUMAR. N,Tamilaga Vettri Kazhagam,110067,53.15,SUNDARARAJ. L,Communist Party of India (Marxist),56503,27.28,KUPPAN. K,All India Anna Dravida Munnetra Kazhagam,28320,13.68,Naam Tamilar Katchi,8413,4.06,53564,25.869999999999997
THIYAGARAYANAGAR - 24,Chennai,ANAND N,Tamilaga Vettri Kazhagam,51632,38.55,SATHIYANARAYANAN B,All India Anna Dravida Munnetra Kazhagam,38605,28.83,RAJA ANBAZHAGAN,Dravida Munnetra Kazhagam,37017,27.64,Naam Tamilar Katchi,4554,3.4,13027,9.719999999999999
THONDAMUTHUR - 119,Coimbatore,S.P.VELUMANI,All India Anna Dravida Munnetra Kazhagam,93316,36.09,SATHISH RAJU (ALIAS) K.P.R. SATHISH,Tamilaga Vettri Kazhagam,78591,30.4,N.R.KARTHIKEYAN,Dravida Munnetra Kazhagam,75917,29.36,Naam Tamilar Katchi,6976,2.7,14725,5.690000000000005
THOOTHUKKUDI - 214,Thoothukudi,SRINATH,Tamilaga Vettri Kazhagam,100536,49.11,P. GEETHA JEEVAN,Dravida Munnetra Kazhagam,62805,30.68,CHELLAPANDIAN S.T.,All India Anna Dravida Munnetra Kazhagam,26213,12.8,Naam Tamilar Katchi,11752,5.74,37731,18.43
THOUSAND LIGHTS - 20,Chennai,PRABHAKAR.J.C.D,Tamilaga Vettri Kazhagam,58965,44.73,EZHILAN NAGANATHAN,Dravida Munnetra Kazhagam,43824,33.24,VALARMATHI.B,All India Anna Dravida Munnetra Kazhagam,23320,17.69,Naam Tamilar Katchi,3717,2.82,15141,11.489999999999995
THURAIYUR - 146,Trichy,RAVISANKAR.M,Tamilaga Vettri Kazhagam,66263,35.93,E.SAROJA,All India Anna Dravida Munnetra Kazhagam,56649,30.72,M.LENIN PRASATH,Indian National Congress,49222,26.69,Naam Tamilar Katchi,8436,4.57,9614,5.210000000000001
TINDIVANAM - 72,Villupuram,VANNI ARASU,Viduthalai Chiruthaigal Katchi,63833,32.56,ARJUNAN. P,All India Anna Dravida Munnetra Kazhagam,63099,32.19,SAKTHIVEL. S,Tamilaga Vettri Kazhagam,61159,31.2,Naam Tamilar Katchi,5242,2.67,734,0.37000000000000455
TIRUCHENDUR - 215,Thoothukudi,ANITHA R. RADHAKRISHNAN,Dravida Munnetra Kazhagam,72723,39.09,J. MURUGAN,Tamilaga Vettri Kazhagam,66851,35.93,K R M RADHAKRISHNAN,Bharatiya Janata Party,34159,18.36,Naam Tamilar Katchi,9794,5.26,5872,3.1600000000000037
TIRUCHENGODU - 96,Namakkal,ARUNRAJ K G,Tamilaga Vettri Kazhagam,79500,41.6,SRMT SEKAR (A) CHANDRASEKAR R,All India Anna Dravida Munnetra Kazhagam,51328,26.86,ESWARAN E R,Dravida Munnetra Kazhagam,49465,25.88,Naam Tamilar Katchi,6085,3.18,28172,14.740000000000002
TIRUCHIRAPPALLI (EAST) - 141,Trichy,C. JOSEPH VIJAY,Tamilaga Vettri Kazhagam,91381,50.07,S. INIGO IRUDAYARAJ,Dravida Munnetra Kazhagam,63965,35.05,G. RAJASEKARAN,All India Anna Dravida Munnetra Kazhagam,19715,10.8,Naam Tamilar Katchi,4790,2.62,27416,15.020000000000003
TIRUCHIRAPPALLI (WEST) - 140,Trichy,K.N.NEHRU,Dravida Munnetra Kazhagam,88235,44.94,G.RAMAMOORTHI,Tamilaga Vettri Kazhagam,83449,42.5,M.RAJASEKARAN,Amma Makkal Munnettra Kazagam,14136,7.2,Naam Tamilar Katchi,7470,3.8,4786,2.4399999999999977
TIRUCHULI - 208,Virudhunagar,THANGAM THENARASU,Dravida Munnetra Kazhagam,75085,41.43,SAMAYAN.S,Tamilaga Vettri Kazhagam,61600,33.99,RAJAVARMAN.M.S.R,All India Anna Dravida Munnetra Kazhagam,25581,14.11,Naam Tamilar Katchi,12763,7.04,13485,7.439999999999998
TIRUKKOYILUR - 76,Kallakurichi,PALANISAMY S,All India Anna Dravida Munnetra Kazhagam,73033,33.61,VIJAY R BARANIBALAAJI,Tamilaga Vettri Kazhagam,72748,33.48,DR PON GAUTHAMSIGAMANI,Dravida Munnetra Kazhagam,62452,28.74,Naam Tamilar Katchi,5791,2.66,285,0.13000000000000256
TIRUNELVELI - 224,Tirunelveli,MURUGHAN.R.S.,Tamilaga Vettri Kazhagam,75840,34.72,SUBRAMANIAN.S,Dravida Munnetra Kazhagam,64426,29.5,THACHAI GANESARAJA,All India Anna Dravida Munnetra Kazhagam,47504,21.75,Naam Tamilar Katchi,15108,6.92,11414,5.219999999999999
TIRUPPATTUR - 185,Sivaganga,PERIAKARUPPAN. KR,Dravida Munnetra Kazhagam,83226,38.65,SEENIVASA SETHUPATHY. R,Tamilaga Vettri Kazhagam,83196,38.64,THIRUMARAN. K.C,Bharatiya Janata Party,29009,13.47,Naam Tamilar Katchi,15274,7.09,30,0.00999999999999801
TIRUPPATTUR - 50,Vellore,DR.THIRUPATHI. N,Tamilaga Vettri Kazhagam,105098,51.79,NALLATHAMBI. A,Dravida Munnetra Kazhagam,56835,28.01,GNANASEKAR. A,Amma Makkal Munnettra Kazagam,30003,14.79,Naam Tamilar Katchi,5482,2.7,48263,23.779999999999998
TIRUPPUR (NORTH) - 113,Coimbatore,V.SATHYABAMA,Tamilaga Vettri Kazhagam,131401,49.88,M.S.M.ANANDAN,All India Anna Dravida Munnetra Kazhagam,61409,23.31,M.RAVI ALIAS M.SUBRAMANIAN,Communist Party of India,53964,20.48,Naam Tamilar Katchi,13157,4.99,69992,26.570000000000004
TIRUPPUR (SOUTH) - 114,Coimbatore,BALAMURUGAN. S,Tamilaga Vettri Kazhagam,73793,41.04,DINESHKUMAR. N,Dravida Munnetra Kazhagam,60892,33.86,THANGARAJ. S,Bharatiya Janata Party,34617,19.25,Naam Tamilar Katchi,6956,3.87,12901,7.18
TIRUTTANI - 3,Tiruvallur,G.HARI,All India Anna Dravida Munnetra Kazhagam,89169,37.34,M.SATHYA KUMAR,Tamilaga Vettri Kazhagam,83376,34.91,D.KRISHNAMURTHY,Desiya Murpokku Dravida Kazhagam,54863,22.97,Naam Tamilar Katchi,6704,2.81,5793,2.430000000000007
TIRUVADANAI - 210,Ramanathapuram,RAJEEV,Tamilaga Vettri Kazhagam,69551,31.57,RM. KARUMANICKAM,Indian National Congress,67038,30.43,M.KEERTHIKA,All India Anna Dravida Munnetra Kazhagam,63879,29.0,Naam Tamilar Katchi,13389,6.08,2513,1.1400000000000006
TIRUVANNAMALAI - 63,Tiruvannamalai ,VELU. E.V,Dravida Munnetra Kazhagam,88273,40.11,ARUL ARUMUGAM,Tamilaga Vettri Kazhagam,85818,39.0,ELUMALAI. C,Bharatiya Janata Party,34280,15.58,Naam Tamilar Katchi,6011,2.73,2455,1.1099999999999994
TITTAKUDI - 151,Cuddalore,GANESAN C.V,Dravida Munnetra Kazhagam,63106,35.91,RAJASEKAR A,Tamilaga Vettri Kazhagam,60477,34.41,MURUGUMARAN N,All India Anna Dravida Munnetra Kazhagam,42502,24.18,Naam Tamilar Katchi,5709,3.25,2629,1.5
UDHAGAMANDALAM - 108,Nilgiris,BHOJARAJAN.M,Bharatiya Janata Party,48488,32.61,IBRAHIM.R,Tamilaga Vettri Kazhagam,47512,31.95,RAMACHANDRAN.B,Indian National Congress,45658,30.7,Naam Tamilar Katchi,4641,3.12,976,0.6600000000000001
UDUMALAIPETTAI - 125,Tiruppur,JAYAKUMAR M.,Dravida Munnetra Kazhagam,68549,33.67,RADHAKRISHNAN K.,All India Anna Dravida Munnetra Kazhagam,65667,32.26,SANKAR K.,Tamilaga Vettri Kazhagam,59831,29.39,Naam Tamilar Katchi,6702,3.29,2882,1.4100000000000037
ULUNDURPETTAI - 77,Kallakurichi,VASANTHAVEL G R,Dravida Munnetra Kazhagam,98471,36.34,KUMARAGURU R,All India Anna Dravida Munnetra Kazhagam,96194,35.5,SUDHAKAR M,Tamilaga Vettri Kazhagam,66208,24.43,Naam Tamilar Katchi,6525,2.41,2277,0.8400000000000034
USILAMPATTI - 197,Madurai,VIJAY. M,Tamilaga Vettri Kazhagam,65743,29.34,MAHENDRAN. I,All India Anna Dravida Munnetra Kazhagam,63938,28.54,SARAVANAKUMAR. T,Indian National Congress,59465,26.54,All India Puratchi Thalaivar Makkal Munnettra Kazhagam,16620,7.42,1805,0.8000000000000007
UTHANGARAI - 51,Vellore,N ELAIYARAJA,Tamilaga Vettri Kazhagam,70201,34.16,T M TAMILSELVAM,All India Anna Dravida Munnetra Kazhagam,65003,31.63,R KUPPUSAMY,Indian National Congress,60993,29.68,Naam Tamilar Katchi,6629,3.23,5198,2.5299999999999976
UTHIRAMERUR - 36,Kanchipuram,MUNIRATHINAM.J,Tamilaga Vettri Kazhagam,84917,37.28,SUNDAR.K,Dravida Munnetra Kazhagam,70694,31.04,MAGESHKUMAR.P,Pattali Makkal Katchi,62809,27.58,Naam Tamilar Katchi,5783,2.54,14223,6.240000000000002
VALPARAI - 124,Coimbatore,KUTTY (ALIAS) SUDHAKAR. A,Dravida Munnetra Kazhagam,54671,36.34,DR. SRIDHARAN. A,Tamilaga Vettri Kazhagam,45300,30.11,LEKSHMANA SINGH. D,All India Anna Dravida Munnetra Kazhagam,43728,29.07,Naam Tamilar Katchi,5256,3.49,9371,6.230000000000004
VANDAVASI - 69,Tiruvannamalai ,AMBETHKUMAR. S,Dravida Munnetra Kazhagam,63805,33.37,RANI. P,All India Anna Dravida Munnetra Kazhagam,60472,31.63,UDHAYAKUMAR. M,Tamilaga Vettri Kazhagam,58174,30.43,Naam Tamilar Katchi,5495,2.87,3333,1.7399999999999984
VANIYAMBADI - 47,Vellore,SYED FAROOQ BASHA SSB,Indian Union Muslim League,73181,34.43,SYED BHURHANUDEEN,Tamilaga Vettri Kazhagam,70199,33.03,SENDHIL KUMAR.G,All India Anna Dravida Munnetra Kazhagam,61055,28.73,Naam Tamilar Katchi,4849,2.28,2982,1.3999999999999986
VANUR - 73,Villupuram,GOWTHAM D,Dravida Munnetra Kazhagam,68873,35.85,SURESH P,Tamilaga Vettri Kazhagam,61839,32.19,MURUGAN P,All India Anna Dravida Munnetra Kazhagam,54193,28.21,Naam Tamilar Katchi,4697,2.44,7034,3.6600000000000037
VASUDEVANALLUR - 220,Tenkasi,E. RAJA,Dravida Munnetra Kazhagam,63045,33.22,ANANTHAN AYYASAMY,Bharatiya Janata Party,56462,29.75,R. AMUTHARANI,Tamilaga Vettri Kazhagam,45862,24.16,Naam Tamilar Katchi,12856,6.77,6583,3.469999999999999
VEDARANYAM - 165,Nagapattinam,MANIAN. O.S,All India Anna Dravida Munnetra Kazhagam,59172,36.48,PUGAZHENDI. M,Dravida Munnetra Kazhagam,51841,31.96,KINGSLY GERALD. A,Tamilaga Vettri Kazhagam,38347,23.64,Naam Tamilar Katchi,10396,6.41,7331,4.519999999999996
VEDASANDUR - 133,Dindigul,SAMINATHAN. T,Dravida Munnetra Kazhagam,84948,37.5,PARAMASIVAM. V.P.B.,All India Anna Dravida Munnetra Kazhagam,74885,33.05,DR.NAKAJOTHI. N,Tamilaga Vettri Kazhagam,56804,25.07,Naam Tamilar Katchi,7095,3.13,10063,4.450000000000003
VEERAPANDI - 91,Salem,PALANIVEL. M.S,Tamilaga Vettri Kazhagam,79907,33.88,SRI BALAJI SUGUMAR. S,All India Anna Dravida Munnetra Kazhagam,75836,32.15,THARUN. A.K,Dravida Munnetra Kazhagam,69296,29.38,Naam Tamilar Katchi,6820,2.89,4071,1.730000000000004
VELACHERY - 26,Chennai,KUMAR. R,Tamilaga Vettri Kazhagam,80430,43.52,ASHOK. M.K,All India Anna Dravida Munnetra Kazhagam,47125,25.5,AASSAN MAULAANA J.M.H,Indian National Congress,45928,24.85,Naam Tamilar Katchi,7697,4.16,33305,18.020000000000003
VELLORE - 43,Vellore,M.M.VINOTH KANNAN,Tamilaga Vettri Kazhagam,73032,38.33,P.KARTHIKEYAN,Dravida Munnetra Kazhagam,66255,34.77,S R K APPU,All India Anna Dravida Munnetra Kazhagam,45458,23.86,Naam Tamilar Katchi,3793,1.99,6777,3.559999999999995
VEPPANAHALLI - 54,Krishnagiri,SRINIVASAN.P.S,Dravida Munnetra Kazhagam,74691,33.55,MUNUSAMY.K.P,All India Anna Dravida Munnetra Kazhagam,74553,33.49,SAMPANGI.S.R,Tamilaga Vettri Kazhagam,63907,28.71,Naam Tamilar Katchi,4519,2.03,138,0.05999999999999517
VIKRAVANDI - 75,Villupuram,SIVAKUMAR C,Pattali Makkal Katchi,69727,33.33,VIJAI VADIVEL A,Tamilaga Vettri Kazhagam,68817,32.89,ANNIYUR SIVA @ SIVASHANMUGAM A,Dravida Munnetra Kazhagam,60941,29.13,Naam Tamilar Katchi,4979,2.38,910,0.4399999999999977
VILATHIKULAM - 213,Thoothukudi,MARKANDAYAN G V,Dravida Munnetra Kazhagam,58395,33.4,P. KASIRAM,Tamilaga Vettri Kazhagam,50167,28.7,R. SATHYA,All India Anna Dravida Munnetra Kazhagam,48879,27.96,Naam Tamilar Katchi,11780,6.74,8228,4.699999999999999
VILAVANCODE - 233,Kanyakumari ,PRAVEEN T.T,Indian National Congress,70755,40.45,MICHAEL KUMAR K,Tamilaga Vettri Kazhagam,49785,28.46,VIJAYADHARANI S,Bharatiya Janata Party,45604,26.07,Naam Tamilar Katchi,6199,3.54,20970,11.990000000000002
VILLIVAKKAM - 14,Chennai,AADHAV ARJUNA,Tamilaga Vettri Kazhagam,66445,46.97,KARTHIK MOHAN,Dravida Munnetra Kazhagam,49143,34.74,VIJAYAKUMAR S.R,All India Anna Dravida Munnetra Kazhagam,19338,13.67,Naam Tamilar Katchi,4310,3.05,17302,12.229999999999997
VILUPPURAM - 74,Villupuram,LAKSHMANAN R,Dravida Munnetra Kazhagam,72982,33.88,MOHANRAJ N,Tamilaga Vettri Kazhagam,68863,31.97,VIJAYASURESHBABU,All India Anna Dravida Munnetra Kazhagam,63808,29.62,Naam Tamilar Katchi,5786,2.69,4119,1.9100000000000037
VIRALIMALAI - 179,Pudukottai,VIJAYABASKAR. C,All India Anna Dravida Munnetra Kazhagam,105773,51.87,MURUGESAN. P,Tamilaga Vettri Kazhagam,43700,21.43,CHELLAPANDIYAN. K.K,Dravida Munnetra Kazhagam,40397,19.81,Naam Tamilar Katchi,9467,4.64,62073,30.439999999999998
VIRUDHUNAGAR - 206,Virudhunagar,SELVAM P,Tamilaga Vettri Kazhagam,63653,37.93,VIJAYAPRABHAKAR,Desiya Murpokku Dravida Kazhagam,54262,32.33,GANESAN V.G.,All India Anna Dravida Munnetra Kazhagam,34212,20.38,Naam Tamilar Katchi,10120,6.03,9391,5.600000000000001
VIRUGAMPAKKAM - 22,Chennai,SABARINATHAN.R,Tamilaga Vettri Kazhagam,76092,44.03,PRABHAKARA RAJA.A.M.V,Dravida Munnetra Kazhagam,49006,28.35,VIRUGAI V.N.RAVI,All India Anna Dravida Munnetra Kazhagam,38767,22.43,Naam Tamilar Katchi,6056,3.5,27086,15.68
VRIDDHACHALAM - 152,Cuddalore,PREMALLATHA VIJAYAKANT,Desiya Murpokku Dravida Kazhagam,69351,33.15,VIJAY.S,Tamilaga Vettri Kazhagam,66964,32.01,DR.TAMIZHARASI.P,Pattali Makkal Katchi,59791,28.58,Naam Tamilar Katchi,6047,2.89,2387,1.1400000000000006
YERCAUD - 83,Salem,USHARANI. P,All India Anna Dravida Munnetra Kazhagam,87772,34.61,LAKSHMI JANARTHANAN. J,Tamilaga Vettri Kazhagam,85583,33.75,REVATHI. T.M,Dravida Munnetra Kazhagam,68045,26.83,Naam Tamilar Katchi,7601,3.0,2189,0.8599999999999994
