name,email,job_title,salary,start_date
Olivia Neal,joneskelsey@example.net,Claims inspector/assessor,68238,2020-09-23
Amanda Fernandez,saguilar@example.net,"Surveyor, building control",93375,2021-06-24
Donald Cantrell,jeremy04@example.org,Waste management officer,84605,2021-11-04
Derrick Contreras,ngibson@example.com,Maintenance engineer,60312,2020-11-09
Bridget Ryan,uweeks@example.com,Geophysical data processor,42763,2025-02-09
Jordan Clay,dhenry@example.org,Media planner,33051,2024-09-13
Rebekah Nelson,garrettsandra@example.org,"Producer, radio",70721,2024-12-05
Thomas Baker,moorecarolyn@example.net,"Doctor, general practice",66600,2021-12-05
Dawn Mcguire,kellerscott@example.net,"Accountant, chartered management",84823,2024-06-06
Roger Long MD,kyleromero@example.net,"Engineer, structural",93136,2023-12-02
Michael Burke,smithelizabeth@example.org,Therapeutic radiographer,93306,2020-07-16
Kent Parker,sharon53@example.org,Lexicographer,93000,2020-07-18
Dawn Villanueva,mwilliams@example.net,"Nurse, adult",84273,2022-11-05
Melissa Arnold,sandovalrebecca@example.com,Aeronautical engineer,57930,2025-07-12
Lori Pearson,agray@example.org,"Designer, television/film set",88584,2023-01-01
Allison Rodriguez,thompsonjeffrey@example.net,Music therapist,41877,2024-11-09
Leah Alexander,rosemary@example.com,"Surveyor, commercial/residential",29139,2022-10-21
Christina Ayala,dbell@example.org,Chief Financial Officer,83977,2023-09-09
Robert Lucas,jeffreyvazquez@example.com,Environmental consultant,69620,2020-08-06
Sharon Stokes,william07@example.net,"Teacher, English as a foreign language",46894,2021-03-26
Courtney Bautista,valeriedavis@example.com,Stage manager,98552,2021-10-27
Melissa Smith,ugonzales@example.net,Acupuncturist,68251,2025-05-28
Gregory Miller,fpeterson@example.org,"Engineer, mining",64230,2020-07-11
Bailey Rice,qkaiser@example.com,Clothing/textile technologist,67816,2022-12-27
Sarah Smith,danielreed@example.org,"Civil engineer, consulting",80237,2020-11-04
Victoria Boyer,dunnhenry@example.net,Financial risk analyst,32232,2020-03-18
Benjamin Love,rachaelburgess@example.net,"Engineer, chemical",47185,2020-02-19
Lori Nelson,jharrison@example.net,Copy,84785,2023-07-03
Daniel Greene,christopherclark@example.net,Hospital pharmacist,31870,2024-08-18
Zachary Braun,ogriffith@example.net,"Therapist, nutritional",69660,2025-10-14
Cory Davis,amyglover@example.net,"Engineer, broadcasting (operations)",31358,2024-03-03
Kathleen Henderson,laura71@example.com,Fish farm manager,50471,2022-01-04
Earl Price,gloverjennifer@example.net,Agricultural engineer,82395,2022-06-05
Amber Mitchell,maryfry@example.org,Trading standards officer,45795,2023-04-27
Robert Wilson,shawn73@example.org,"Social research officer, government",75131,2020-07-05
Randy Brown,evanssavannah@example.net,"Surveyor, quantity",84095,2022-07-28
Karen Castillo,zdodson@example.net,Exercise physiologist,60258,2022-07-23
Brenda Ramos,johnsonmatthew@example.net,Ceramics designer,90566,2020-10-07
Ashley Wilson,myerskaren@example.net,Curator,56624,2021-06-29
James Davidson,robinsonkathryn@example.org,Therapeutic radiographer,94465,2024-09-14
Dylan Moreno,patrickjordan@example.org,Animal nutritionist,49284,2020-02-10
Cynthia Gates,williamsmolly@example.net,Astronomer,64850,2024-10-16
Sergio Pittman,zherrera@example.org,Fine artist,37759,2021-04-03
Debra Smith,nmartinez@example.org,Arts development officer,49337,2024-06-24
Rhonda Gibson,rachaelcoleman@example.org,"Development worker, international aid",81361,2025-07-26
Patricia Mcgee,wagnermichele@example.org,"Engineer, agricultural",68157,2020-12-27
Teresa Conway,alexisbrown@example.com,"Lighting technician, broadcasting/film/video",89299,2024-07-29
Peter Ingram,ttanner@example.com,"Engineer, manufacturing",24554,2025-10-29
Erin Webb,ucook@example.com,"Designer, exhibition/display",38060,2023-12-12
Alyssa Mcknight,morrisscott@example.org,Secondary school teacher,31445,2022-11-09
